{"exact": 31.276939655172413, "f1": 51.69318389397649, "total": 3712, "HasAns_exact": 16.140215716486903, "HasAns_f1": 45.33324291773527, "HasAns_total": 2596, "NoAns_exact": 66.48745519713262, "NoAns_f1": 66.48745519713262, "NoAns_total": 1116}