{"exact": 28.825431034482758, "f1": 50.170488738470134, "total": 3712, "HasAns_exact": 11.671802773497689, "HasAns_f1": 42.192933049769316, "HasAns_total": 2596, "NoAns_exact": 68.72759856630825, "NoAns_f1": 68.72759856630825, "NoAns_total": 1116}